block,instance,n_spins,target_kind,target,scenario,n_profile,mapping,profile_label,max_comp_code,dac_mode,dac_bits,dac_span_uT,max_abs_u_offset,mean_abs_u_offset,n_trials,n_sweeps,master_seed,hits,p_success,wilson_lo,wilson_hi,tts99_sweeps,tts99_ratio,ratio_lo,ratio_hi,frac_undefined,energy_min,energy_median,dmedian_vs_baseline,dmed_lo,dmed_hi,residual_median,mean_magnetization,wall_s,predist_bits,predist_span_uT,predist_lsb_mV,predist_lsb_src,predist_code_budget
primary,PP64_p0.1_eta0.1_s0,64,"PLANTED_VERIFIED(longrun T=20000,trials=200,seed=20260722)",-72.88284231924007,no_offset,,-,-,,none,,,0.0,0.0,200,2000,2024,93,0.465,0.3972,0.5341,14725.034752048668,1.0,nan,nan,nan,-72.88284231924007,-72.75793095143962,0.0,0.0,0.0,0.001713865209226008,0.00140625,9.7,,,,,
primary,PP64_p0.1_eta0.1_s0,64,"PLANTED_VERIFIED(longrun T=20000,trials=200,seed=20260722)",-72.88284231924007,uncompensated,64,identity,MEASURED-Rs/LSB + committed ANALYTIC per-row model,12,none,,,1.5151855494766184,0.7796317724682355,200,2000,2024,104,0.52,0.451,0.5882,12548.674637418899,0.8522000014752443,0.6352635604283657,1.1371858132411896,0.0,-72.88284231924007,-72.88284231924007,-0.12491136780045053,-0.1249,0.1249,0.0,0.00015625,9.9,,,,,
primary,PP64_p0.1_eta0.1_s0,64,"PLANTED_VERIFIED(longrun T=20000,trials=200,seed=20260722)",-72.88284231924007,predistorted,64,identity,MEASURED-Rs/LSB + committed ANALYTIC per-row model,12,none,,,0.064850360478284,0.033427453952495204,200,2000,2024,83,0.415,0.3489,0.4843,17178.873835884424,1.1666440266631193,0.8700997920070341,1.5839036735571128,0.0,-72.88284231924007,-72.75793095143962,0.0,0.0,0.1249,0.001713865209226008,0.00203125,9.5,,,,,
primary,PP64_p0.1_eta0.1_s0,64,"PLANTED_VERIFIED(longrun T=20000,trials=200,seed=20260722)",-72.88284231924007,uncompensated,128,even-sample,ANALYTIC EXTENSION of the committed per-row model (N absent from analyze_ir.N_LIST; same Rs and LSB),22,none,,,2.914928390421685,1.5068907350164116,200,2000,2024,138,0.69,0.6228,0.75,7864.134398671694,0.5340655917689817,0.40496621892372076,0.6995234699849627,0.0,-72.88284231924007,-72.88284231924007,-0.12491136780045053,-0.1249,0.0,0.0,0.00078125,8.2,,,,,
primary,PP64_p0.1_eta0.1_s0,64,"PLANTED_VERIFIED(longrun T=20000,trials=200,seed=20260722)",-72.88284231924007,predistorted,128,even-sample,ANALYTIC EXTENSION of the committed per-row model (N absent from analyze_ir.N_LIST; same Rs and LSB),22,none,,,0.064850360478284,0.032148966041572996,200,2000,2024,102,0.51,0.4412,0.5784,12911.392471625766,0.876832733439181,0.6569372229965059,1.1663462474045667,0.0,-72.88284231924007,-72.88284231924007,-0.12491136780045053,-0.1249,0.1249,0.0,-0.0021875,7.2,,,,,
primary,PP64_p0.1_eta0.1_s0,64,"PLANTED_VERIFIED(longrun T=20000,trials=200,seed=20260722)",-72.88284231924007,uncompensated,256,even-sample,MEASURED-Rs/LSB + committed ANALYTIC per-row model,41,none,,,5.4171235574208305,2.8551569242646027,200,2000,2024,73,0.365,0.3014,0.4337,20281.273404984393,1.3773328040643635,1.0152758754505489,1.8983988182424956,0.0,-72.88284231924007,-55.72360534484473,17.03432560659489,3.3951,17.7609,0.2354358917457523,-0.11125,6.9,,,,,
primary,PP64_p0.1_eta0.1_s0,64,"PLANTED_VERIFIED(longrun T=20000,trials=200,seed=20260722)",-72.88284231924007,predistorted,256,even-sample,MEASURED-Rs/LSB + committed ANALYTIC per-row model,41,none,,,0.06546624559232891,0.03310287945624798,200,2000,2024,100,0.5,0.4314,0.5686,13287.71237954945,0.902389203373578,0.6752852366058767,1.2033177829926283,0.0,-72.88284231924007,-72.82038663533984,-0.06245568390022527,-0.1249,0.1249,0.000856932604613004,0.0015625,7.1,,,,,
primary,PP64_p0.1_eta0.1_s0,64,"PLANTED_VERIFIED(longrun T=20000,trials=200,seed=20260722)",-72.88284231924007,no_offset,,-,-,,none,,,0.0,0.0,1000,2000,2024,471,0.471,0.4402,0.502,14464.227234155876,1.0,nan,nan,nan,-72.88284231924007,-72.75793095143962,0.0,0.0,0.0,0.001713865209226008,0.00140625,26.6,,,,,
primary,PP64_p0.1_eta0.1_s0,64,"PLANTED_VERIFIED(longrun T=20000,trials=200,seed=20260722)",-72.88284231924007,uncompensated,64,identity,MEASURED-Rs/LSB + committed ANALYTIC per-row model,12,none,,,1.5151855494766184,0.7796317724682355,1000,2000,2024,520,0.52,0.489,0.5508,12548.674637418899,0.8675661986135295,0.7641930307822025,0.9826957813772501,0.0,-72.88284231924007,-72.88284231924007,-0.12491136780045053,-0.1249,0.0,0.0,-0.0009375,26.7,,,,,
primary,PP64_p0.1_eta0.1_s0,64,"PLANTED_VERIFIED(longrun T=20000,trials=200,seed=20260722)",-72.88284231924007,predistorted,64,identity,MEASURED-Rs/LSB + committed ANALYTIC per-row model,12,none,,,0.064850360478284,0.033427453952495204,1000,2000,2024,466,0.466,0.4353,0.497,14681.121832890643,1.014995242761576,0.8923729051553007,1.1540057347223165,0.0,-72.88284231924007,-72.75793095143962,0.0,0.0,0.1249,0.001713865209226008,-0.00090625,28.6,,,,,
primary,PP64_p0.1_eta0.1_s0,64,"PLANTED_VERIFIED(longrun T=20000,trials=200,seed=20260722)",-72.88284231924007,uncompensated,128,even-sample,ANALYTIC EXTENSION of the committed per-row model (N absent from analyze_ir.N_LIST; same Rs and LSB),22,none,,,2.914928390421685,1.5068907350164116,1000,2000,2024,684,0.684,0.6545,0.7121,7994.996453287931,0.552742730313896,0.48809557123586345,0.6226818510711145,0.0,-72.88284231924007,-72.88284231924007,-0.12491136780045053,-0.1249,0.0,0.0,0.0019375,35.1,,,,,
primary,PP64_p0.1_eta0.1_s0,64,"PLANTED_VERIFIED(longrun T=20000,trials=200,seed=20260722)",-72.88284231924007,predistorted,128,even-sample,ANALYTIC EXTENSION of the committed per-row model (N absent from analyze_ir.N_LIST; same Rs and LSB),22,none,,,0.064850360478284,0.032148966041572996,1000,2000,2024,508,0.508,0.477,0.5389,12985.54169003471,0.8977694749824316,0.7894074723594511,1.0177314841537057,0.0,-72.88284231924007,-72.88284231924007,-0.12491136780045053,-0.1249,0.0,0.0,-0.00209375,33.4,,,,,
primary,PP64_p0.1_eta0.1_s0,64,"PLANTED_VERIFIED(longrun T=20000,trials=200,seed=20260722)",-72.88284231924007,uncompensated,256,even-sample,MEASURED-Rs/LSB + committed ANALYTIC per-row model,41,none,,,5.4171235574208305,2.8551569242646027,1000,2000,2024,345,0.345,0.3162,0.375,21767.67684915673,1.504931891401323,1.311239012005891,1.732883258938195,0.0,-72.88284231924007,-55.36715591914448,17.39077503229514,14.4298,17.7835,0.24032660970292166,-0.11815625,32.0,,,,,
primary,PP64_p0.1_eta0.1_s0,64,"PLANTED_VERIFIED(longrun T=20000,trials=200,seed=20260722)",-72.88284231924007,predistorted,256,even-sample,MEASURED-Rs/LSB + committed ANALYTIC per-row model,41,none,,,0.06546624559232891,0.03310287945624798,1000,2000,2024,499,0.499,0.4681,0.5299,13326.125048715814,0.9213160739930479,0.8115378777020384,1.0471285933169552,0.0,-72.88284231924007,-72.75793095143962,0.0,-0.1249,0.0,0.001713865209226008,0.000625,32.8,,,,,
crosscheck,ER64_p0.1,64,"LONGRUN_BEST(T=20000,trials=200,seed=20260720)",-56.84259775567446,no_offset,,-,-,,none,,,0.0,0.0,200,2000,2024,32,0.16,0.1157,0.2171,52825.70372050297,1.0,nan,nan,nan,-56.84259775567446,-56.5097079305336,0.0,0.0,0.0,0.005856344331265696,-0.0096875,8.5,,,,,
crosscheck,ER64_p0.1,64,"LONGRUN_BEST(T=20000,trials=200,seed=20260720)",-56.84259775567446,uncompensated,64,identity,MEASURED-Rs/LSB + committed ANALYTIC per-row model,12,none,,,1.5151855494766184,0.7796317724682355,200,2000,2024,18,0.09,0.0577,0.1378,97659.5696650107,1.848713084481004,1.0463767476815793,3.423714857786682,0.0,-56.84259775567446,-53.671682546487496,2.838025384046105,1.7312,3.1917,0.05578413609484307,-0.1375,8.6,,,,,
crosscheck,ER64_p0.1,64,"LONGRUN_BEST(T=20000,trials=200,seed=20260720)",-56.84259775567446,predistorted,64,identity,MEASURED-Rs/LSB + committed ANALYTIC per-row model,12,none,,,0.064850360478284,0.033427453952495204,200,2000,2024,24,0.12,0.082,0.1723,72049.57722063977,1.363911356521608,0.7928539466155566,2.3721507623615756,0.0,-56.84259775567446,-56.39684458278446,0.11286334774914053,-0.1506,0.3648,0.00784188602368199,0.0028125,8.6,,,,,
crosscheck,ER64_p0.1,64,"LONGRUN_BEST(T=20000,trials=200,seed=20260720)",-56.84259775567446,uncompensated,128,even-sample,ANALYTIC EXTENSION of the committed per-row model (N absent from analyze_ir.N_LIST; same Rs and LSB),22,none,,,2.914928390421685,1.5068907350164116,200,2000,2024,2,0.01,0.0027,0.0357,916421.153106777,17.348015995309705,5.957185939168659,43.27405320484653,0.13129999999999997,-56.84259775567446,-51.32287450018727,5.186833430346333,4.8572,5.363,0.09710540111506724,-0.250625,8.5,,,,,
crosscheck,ER64_p0.1,64,"LONGRUN_BEST(T=20000,trials=200,seed=20260720)",-56.84259775567446,predistorted,128,even-sample,ANALYTIC EXTENSION of the committed per-row model (N absent from analyze_ir.N_LIST; same Rs and LSB),22,none,,,0.064850360478284,0.032148966041572996,200,2000,2024,25,0.125,0.0861,0.178,68975.09410296327,1.305710842356319,0.7649092925968983,2.2372928990459067,0.0,-56.84259775567446,-56.39684458278446,0.11286334774914053,-0.1357,0.3648,0.00784188602368199,0.00890625,8.7,,,,,
crosscheck,ER64_p0.1,64,"LONGRUN_BEST(T=20000,trials=200,seed=20260720)",-56.84259775567446,uncompensated,256,even-sample,MEASURED-Rs/LSB + committed ANALYTIC per-row model,41,none,,,5.4171235574208305,2.8551569242646027,200,2000,2024,0,0.0,0.0,0.0188,inf,inf,nan,nan,1.0,-52.033427237729725,-49.87656709864779,6.633140831885811,6.3169,6.7073,0.12254947754092166,-0.38328125,8.4,,,,,
crosscheck,ER64_p0.1,64,"LONGRUN_BEST(T=20000,trials=200,seed=20260720)",-56.84259775567446,predistorted,256,even-sample,MEASURED-Rs/LSB + committed ANALYTIC per-row model,41,none,,,0.06546624559232891,0.03310287945624798,200,2000,2024,22,0.11,0.0738,0.1609,79035.7740601823,1.4961613096222048,0.8650413519603432,2.6508206706153086,0.0,-56.84259775567446,-56.32033322870118,0.18937470183242056,-0.0611,0.4952,0.009187907442550765,0.01515625,8.6,,,,,
crosscheck,ER64_p0.1,64,"LONGRUN_BEST(T=20000,trials=200,seed=20260720)",-56.84259775567446,no_offset,,-,-,,none,,,0.0,0.0,1000,2000,2024,125,0.125,0.1059,0.1469,68975.09410296327,1.0,nan,nan,nan,-56.84259775567446,-56.462225576278975,0.0,0.0,0.0,0.006691674807517303,-0.00065625,33.4,,,,,
crosscheck,ER64_p0.1,64,"LONGRUN_BEST(T=20000,trials=200,seed=20260720)",-56.84259775567446,uncompensated,64,identity,MEASURED-Rs/LSB + committed ANALYTIC per-row model,12,none,,,1.5151855494766184,0.7796317724682355,1000,2000,2024,69,0.069,0.0549,0.0864,128823.15307602801,1.8676763656708602,1.3928985169644996,2.5376110594863883,0.0,-56.84259775567446,-53.554603031619855,2.9076225446591195,2.3307,3.1309,0.05784385045502909,-0.13321875,34.3,,,,,
crosscheck,ER64_p0.1,64,"LONGRUN_BEST(T=20000,trials=200,seed=20260720)",-56.84259775567446,predistorted,64,identity,MEASURED-Rs/LSB + committed ANALYTIC per-row model,12,none,,,0.064850360478284,0.033427453952495204,1000,2000,2024,131,0.131,0.1115,0.1533,65595.03667008986,0.9509959721428174,0.7412200093014664,1.2179969926386964,0.0,-56.84259775567446,-56.462225576278975,0.0,-0.1111,0.1111,0.006691674807517303,0.0059375,33.9,,,,,
crosscheck,ER64_p0.1,64,"LONGRUN_BEST(T=20000,trials=200,seed=20260720)",-56.84259775567446,uncompensated,128,even-sample,ANALYTIC EXTENSION of the committed per-row model (N absent from analyze_ir.N_LIST; same Rs and LSB),22,none,,,2.914928390421685,1.5068907350164116,1000,2000,2024,8,0.008,0.0041,0.0157,1146681.2113980576,16.624569002926442,9.204992758246886,45.9686761452633,0.00029999999999996696,-56.84259775567446,-51.33820887551422,5.124016700764756,4.9735,5.216,0.09683563203461706,-0.25028125,36.8,,,,,
crosscheck,ER64_p0.1,64,"LONGRUN_BEST(T=20000,trials=200,seed=20260720)",-56.84259775567446,predistorted,128,even-sample,ANALYTIC EXTENSION of the committed per-row model (N absent from analyze_ir.N_LIST; same Rs and LSB),22,none,,,0.064850360478284,0.032148966041572996,1000,2000,2024,133,0.133,0.1134,0.1555,64536.00765920934,0.9356421835811135,0.7301804086318567,1.2040320544640386,0.0,-56.84259775567446,-56.462225576278975,0.0,-0.1028,0.1129,0.006691674807517303,0.01434375,51.0,,,,,
crosscheck,ER64_p0.1,64,"LONGRUN_BEST(T=20000,trials=200,seed=20260720)",-56.84259775567446,uncompensated,256,even-sample,MEASURED-Rs/LSB + committed ANALYTIC per-row model,41,none,,,5.4171235574208305,2.8551569242646027,1000,2000,2024,0,0.0,0.0,0.0038,inf,inf,nan,nan,1.0,-52.567869688341105,-49.96689988286134,6.495325693417634,6.3216,6.6154,0.12096030343945242,-0.3783125,44.9,,,,,
crosscheck,ER64_p0.1,64,"LONGRUN_BEST(T=20000,trials=200,seed=20260720)",-56.84259775567446,predistorted,256,even-sample,MEASURED-Rs/LSB + committed ANALYTIC per-row model,41,none,,,0.06546624559232891,0.03310287945624798,1000,2000,2024,111,0.111,0.093,0.132,78280.58414436379,1.1349108712705729,0.8811264613938051,1.46445554163603,0.0,-56.84259775567446,-56.3678155829558,0.09440999332317546,0.0,0.1731,0.008352576966299284,0.00671875,39.8,,,,,
combined_6b_span10,PP64_p0.1_eta0.1_s0,64,"PLANTED_VERIFIED(longrun T=20000,trials=200,seed=20260722)",-72.88284231924007,no_offset,,-,-,,fixed_u,6,10.0,0.0,0.0,200,2000,2024,95,0.475,0.4069,0.544,14293.846637334118,1.0,nan,nan,nan,-72.88284231924007,-72.75793095143962,0.0,0.0,0.0,0.001713865209226008,0.00203125,15.8,,,,,
combined_6b_span10,PP64_p0.1_eta0.1_s0,64,"PLANTED_VERIFIED(longrun T=20000,trials=200,seed=20260722)",-72.88284231924007,uncompensated,64,identity,MEASURED-Rs/LSB + committed ANALYTIC per-row model,12,fixed_u,6,10.0,1.5151855494766184,0.7796317724682355,200,2000,2024,105,0.525,0.456,0.5931,12372.164977496384,0.865558816419753,0.6491695683308608,1.1494083662203736,0.0,-72.88284231924007,-72.88284231924007,-0.12491136780045053,-0.1249,0.1249,0.0,0.00015625,14.8,,,,,
combined_6b_span10,PP64_p0.1_eta0.1_s0,64,"PLANTED_VERIFIED(longrun T=20000,trials=200,seed=20260722)",-72.88284231924007,predistorted,64,identity,MEASURED-Rs/LSB + committed ANALYTIC per-row model,12,fixed_u,6,10.0,0.064850360478284,0.033427453952495204,200,2000,2024,92,0.46,0.3923,0.5292,14947.334551518123,1.0457181282802601,0.7768294857551066,1.4008741470894506,0.0,-72.88284231924007,-72.75793095143962,0.0,-0.1249,0.1249,0.001713865209226008,0.0009375,14.8,,,,,
combined_6b_span10,PP64_p0.1_eta0.1_s0,64,"PLANTED_VERIFIED(longrun T=20000,trials=200,seed=20260722)",-72.88284231924007,uncompensated,128,even-sample,ANALYTIC EXTENSION of the committed per-row model (N absent from analyze_ir.N_LIST; same Rs and LSB),22,fixed_u,6,10.0,2.914928390421685,1.5068907350164116,200,2000,2024,137,0.685,0.6176,0.7454,7973.0598883726,0.5577966582870529,0.4219279477487479,0.7290413797569779,0.0,-72.88284231924007,-72.88284231924007,-0.12491136780045053,-0.1249,0.0,0.0,0.0025,14.7,,,,,
combined_6b_span10,PP64_p0.1_eta0.1_s0,64,"PLANTED_VERIFIED(longrun T=20000,trials=200,seed=20260722)",-72.88284231924007,predistorted,128,even-sample,ANALYTIC EXTENSION of the committed per-row model (N absent from analyze_ir.N_LIST; same Rs and LSB),22,fixed_u,6,10.0,0.064850360478284,0.032148966041572996,200,2000,2024,101,0.505,0.4363,0.5735,13097.799916803091,0.9163243631418941,0.6846921242364934,1.2167736086934113,0.0,-72.88284231924007,-72.88284231924007,-0.12491136780045053,-0.1249,0.1249,0.0,-0.0021875,15.6,,,,,
combined_6b_span10,PP64_p0.1_eta0.1_s0,64,"PLANTED_VERIFIED(longrun T=20000,trials=200,seed=20260722)",-72.88284231924007,uncompensated,256,even-sample,MEASURED-Rs/LSB + committed ANALYTIC per-row model,41,fixed_u,6,10.0,5.4171235574208305,2.8551569242646027,200,2000,2024,59,0.295,0.2361,0.3616,26348.57212294437,1.8433506942857842,1.3253300595448025,2.5747678209804494,0.0,-72.88284231924007,-55.36715591914448,17.39077503229514,7.6994,18.8192,0.24032660970292166,-0.11671875,15.7,,,,,
combined_6b_span10,PP64_p0.1_eta0.1_s0,64,"PLANTED_VERIFIED(longrun T=20000,trials=200,seed=20260722)",-72.88284231924007,predistorted,256,even-sample,MEASURED-Rs/LSB + committed ANALYTIC per-row model,41,fixed_u,6,10.0,0.06546624559232891,0.03310287945624798,200,2000,2024,93,0.465,0.3972,0.5341,14725.034752048668,1.030165995596198,0.7710671615593011,1.3739600060993082,0.0,-72.88284231924007,-72.75793095143962,0.0,-0.1249,0.1249,0.001713865209226008,0.000625,15.3,,,,,
combined_6b_span10,PP64_p0.1_eta0.1_s0,64,"PLANTED_VERIFIED(longrun T=20000,trials=200,seed=20260722)",-72.88284231924007,no_offset,,-,-,,fixed_u,6,10.0,0.0,0.0,1000,2000,2024,477,0.477,0.4462,0.508,14209.676725605681,1.0,nan,nan,nan,-72.88284231924007,-72.75793095143962,0.0,0.0,0.0,0.001713865209226008,9.375e-05,65.9,,,,,
combined_6b_span10,PP64_p0.1_eta0.1_s0,64,"PLANTED_VERIFIED(longrun T=20000,trials=200,seed=20260722)",-72.88284231924007,uncompensated,64,identity,MEASURED-Rs/LSB + committed ANALYTIC per-row model,12,fixed_u,6,10.0,1.5151855494766184,0.7796317724682355,1000,2000,2024,504,0.504,0.4731,0.5349,13135.498560142436,0.9244051651416118,0.8131936435615063,1.0474286493181117,0.0,-72.88284231924007,-72.88284231924007,-0.12491136780045053,-0.1249,0.1249,0.0,-0.0005,63.2,,,,,
combined_6b_span10,PP64_p0.1_eta0.1_s0,64,"PLANTED_VERIFIED(longrun T=20000,trials=200,seed=20260722)",-72.88284231924007,predistorted,64,identity,MEASURED-Rs/LSB + committed ANALYTIC per-row model,12,fixed_u,6,10.0,0.064850360478284,0.033427453952495204,1000,2000,2024,475,0.475,0.4442,0.506,14293.846637334118,1.0059234219999365,0.8834063784645569,1.1467796585525143,0.0,-72.88284231924007,-72.75793095143962,0.0,-0.1249,0.1249,0.001713865209226008,-0.00025,64.7,,,,,
combined_6b_span10,PP64_p0.1_eta0.1_s0,64,"PLANTED_VERIFIED(longrun T=20000,trials=200,seed=20260722)",-72.88284231924007,uncompensated,128,even-sample,ANALYTIC EXTENSION of the committed per-row model (N absent from analyze_ir.N_LIST; same Rs and LSB),22,fixed_u,6,10.0,2.914928390421685,1.5068907350164116,1000,2000,2024,644,0.644,0.6138,0.6731,8917.62341304841,0.6275739825226954,0.5530555837088293,0.7065184642518384,0.0,-72.88284231924007,-72.88284231924007,-0.12491136780045053,-0.1249,0.0,0.0,0.0015625,64.2,,,,,
combined_6b_span10,PP64_p0.1_eta0.1_s0,64,"PLANTED_VERIFIED(longrun T=20000,trials=200,seed=20260722)",-72.88284231924007,predistorted,128,even-sample,ANALYTIC EXTENSION of the committed per-row model (N absent from analyze_ir.N_LIST; same Rs and LSB),22,fixed_u,6,10.0,0.064850360478284,0.032148966041572996,1000,2000,2024,484,0.484,0.4531,0.515,13920.291792461177,0.9796346575131414,0.8602813613173258,1.1142231696784266,0.0,-72.88284231924007,-72.75793095143962,0.0,-0.1249,0.1249,0.001713865209226008,-0.002625,62.9,,,,,
combined_6b_span10,PP64_p0.1_eta0.1_s0,64,"PLANTED_VERIFIED(longrun T=20000,trials=200,seed=20260722)",-72.88284231924007,uncompensated,256,even-sample,MEASURED-Rs/LSB + committed ANALYTIC per-row model,41,fixed_u,6,10.0,5.4171235574208305,2.8551569242646027,1000,2000,2024,322,0.322,0.2938,0.3516,23700.85171765516,1.6679374327317726,1.4484052718229605,1.9244527227139012,0.0,-72.88284231924007,-55.36715591914448,17.39077503229514,12.3161,18.8192,0.24032660970292166,-0.1173125,59.5,,,,,
combined_6b_span10,PP64_p0.1_eta0.1_s0,64,"PLANTED_VERIFIED(longrun T=20000,trials=200,seed=20260722)",-72.88284231924007,predistorted,256,even-sample,MEASURED-Rs/LSB + committed ANALYTIC per-row model,41,fixed_u,6,10.0,0.06546624559232891,0.03310287945624798,1000,2000,2024,468,0.468,0.4373,0.499,14593.833490613086,1.027034870139949,0.9010187718765601,1.1678824394228404,0.0,-72.88284231924007,-72.75793095143962,0.0,0.0,0.1249,0.001713865209226008,-0.00046875,66.4,,,,,
combined_6b_span10,ER64_p0.1,64,"LONGRUN_BEST(T=20000,trials=200,seed=20260720)",-56.84259775567446,no_offset,,-,-,,fixed_u,6,10.0,0.0,0.0,200,2000,2024,21,0.105,0.0697,0.1552,83027.23150429458,1.0,nan,nan,nan,-56.84259775567446,-56.32120501754126,0.0,0.0,0.0,0.009172570549542696,-0.00546875,15.4,,,,,
combined_6b_span10,ER64_p0.1,64,"LONGRUN_BEST(T=20000,trials=200,seed=20260720)",-56.84259775567446,uncompensated,64,identity,MEASURED-Rs/LSB + committed ANALYTIC per-row model,12,fixed_u,6,10.0,1.5151855494766184,0.7796317724682355,200,2000,2024,21,0.105,0.0697,0.1552,83027.23150429458,1.0,0.5257527740966531,1.8787573427599016,0.0,-56.84259775567446,-53.37708422825969,2.9441207892815697,1.3034,3.1318,0.0609668393818053,-0.1375,14.9,,,,,
combined_6b_span10,ER64_p0.1,64,"LONGRUN_BEST(T=20000,trials=200,seed=20260720)",-56.84259775567446,predistorted,64,identity,MEASURED-Rs/LSB + committed ANALYTIC per-row model,12,fixed_u,6,10.0,0.064850360478284,0.033427453952495204,200,2000,2024,29,0.145,0.1029,0.2005,58794.231492411745,0.708131903559504,0.3818992655337736,1.2444951749604363,0.0,-56.84259775567446,-56.3594606945829,-0.03825567704164001,-0.2999,0.2308,0.00849955984010831,-0.0028125,15.3,,,,,
combined_6b_span10,ER64_p0.1,64,"LONGRUN_BEST(T=20000,trials=200,seed=20260720)",-56.84259775567446,uncompensated,128,even-sample,ANALYTIC EXTENSION of the committed per-row model (N absent from analyze_ir.N_LIST; same Rs and LSB),22,fixed_u,6,10.0,2.914928390421685,1.5068907350164116,200,2000,2024,2,0.01,0.0027,0.0357,916421.153106777,11.037597382244103,3.5921271191165234,28.932580945072797,0.13580000000000003,-56.84259775567446,-51.33820887551422,4.982996142027041,4.6897,5.2011,0.09683563203461706,-0.24046875,15.6,,,,,
combined_6b_span10,ER64_p0.1,64,"LONGRUN_BEST(T=20000,trials=200,seed=20260720)",-56.84259775567446,predistorted,128,even-sample,ANALYTIC EXTENSION of the committed per-row model (N absent from analyze_ir.N_LIST; same Rs and LSB),22,fixed_u,6,10.0,0.064850360478284,0.032148966041572996,200,2000,2024,29,0.145,0.1029,0.2005,58794.231492411745,0.708131903559504,0.3818992655337736,1.2444951749604363,0.0,-56.84259775567446,-56.27459445212672,0.04661056541453945,-0.2348,0.2615,0.009992564132786107,0.00453125,15.9,,,,,
combined_6b_span10,ER64_p0.1,64,"LONGRUN_BEST(T=20000,trials=200,seed=20260720)",-56.84259775567446,uncompensated,256,even-sample,MEASURED-Rs/LSB + committed ANALYTIC per-row model,41,fixed_u,6,10.0,5.4171235574208305,2.8551569242646027,200,2000,2024,0,0.0,0.0,0.0188,inf,inf,nan,nan,1.0,-55.72441489932189,-49.941085970436916,6.380119047104344,6.1226,6.5857,0.12141443314927647,-0.3565625,15.1,,,,,
combined_6b_span10,ER64_p0.1,64,"LONGRUN_BEST(T=20000,trials=200,seed=20260720)",-56.84259775567446,predistorted,256,even-sample,MEASURED-Rs/LSB + committed ANALYTIC per-row model,41,fixed_u,6,10.0,0.06546624559232891,0.03310287945624798,200,2000,2024,24,0.12,0.082,0.1723,72049.57722063977,0.8677824843155586,0.4630551451977668,1.5989384484737748,0.0,-56.84259775567446,-56.3678155829558,-0.04661056541453945,-0.326,0.2342,0.008352576966299284,0.0003125,15.2,,,,,
combined_6b_span10,ER64_p0.1,64,"LONGRUN_BEST(T=20000,trials=200,seed=20260720)",-56.84259775567446,no_offset,,-,-,,fixed_u,6,10.0,0.0,0.0,1000,2000,2024,107,0.107,0.0893,0.1277,81385.9355647861,1.0,nan,nan,nan,-56.84259775567446,-56.39684458278446,0.0,0.0,0.0,0.00784188602368199,0.0005,65.8,,,,,
combined_6b_span10,ER64_p0.1,64,"LONGRUN_BEST(T=20000,trials=200,seed=20260720)",-56.84259775567446,uncompensated,64,identity,MEASURED-Rs/LSB + committed ANALYTIC per-row model,12,fixed_u,6,10.0,1.5151855494766184,0.7796317724682355,1000,2000,2024,76,0.076,0.0611,0.0941,116522.85733175837,1.431732110998491,1.0732411929258365,1.9327752226218153,0.0,-56.84259775567446,-53.38237145806494,3.0144731247195224,2.6216,3.0851,0.060873824107802975,-0.134,66.4,,,,,
combined_6b_span10,ER64_p0.1,64,"LONGRUN_BEST(T=20000,trials=200,seed=20260720)",-56.84259775567446,predistorted,64,identity,MEASURED-Rs/LSB + committed ANALYTIC per-row model,12,fixed_u,6,10.0,0.064850360478284,0.033427453952495204,1000,2000,2024,127,0.127,0.1078,0.1491,67812.98149393567,0.8332272772112342,0.6427297741940419,1.0755729472678275,0.0,-56.84259775567446,-56.35110580621,0.045738776574459905,-0.0603,0.141,0.008646542713917333,0.005625,66.6,,,,,
combined_6b_span10,ER64_p0.1,64,"LONGRUN_BEST(T=20000,trials=200,seed=20260720)",-56.84259775567446,uncompensated,128,even-sample,ANALYTIC EXTENSION of the committed per-row model (N absent from analyze_ir.N_LIST; same Rs and LSB),22,fixed_u,6,10.0,2.914928390421685,1.5068907350164116,1000,2000,2024,7,0.007,0.0034,0.0144,1311152.348509544,16.110306276025053,8.557148696202873,52.07286828381207,0.0010999999999999899,-56.84259775567446,-51.371503771600516,5.025340811183945,4.895,5.1702,0.09624989356732527,-0.24240625,64.2,,,,,
combined_6b_span10,ER64_p0.1,64,"LONGRUN_BEST(T=20000,trials=200,seed=20260720)",-56.84259775567446,predistorted,128,even-sample,ANALYTIC EXTENSION of the committed per-row model (N absent from analyze_ir.N_LIST; same Rs and LSB),22,fixed_u,6,10.0,0.064850360478284,0.032148966041572996,1000,2000,2024,126,0.126,0.1069,0.148,68389.43369901729,0.8403102234362947,0.649217076897509,1.0922822051779195,0.0,-56.84259775567446,-56.35110580621,0.045738776574459905,-0.0944,0.1419,0.008646542713917333,0.00840625,64.9,,,,,
combined_6b_span10,ER64_p0.1,64,"LONGRUN_BEST(T=20000,trials=200,seed=20260720)",-56.84259775567446,uncompensated,256,even-sample,MEASURED-Rs/LSB + committed ANALYTIC per-row model,41,fixed_u,6,10.0,5.4171235574208305,2.8551569242646027,1000,2000,2024,0,0.0,0.0,0.0038,inf,inf,nan,nan,1.0,-55.994072706198224,-49.966521868766804,6.430322714017656,6.2879,6.5288,0.12096695362979315,-0.35584375,64.4,,,,,
combined_6b_span10,ER64_p0.1,64,"LONGRUN_BEST(T=20000,trials=200,seed=20260720)",-56.84259775567446,predistorted,256,even-sample,MEASURED-Rs/LSB + committed ANALYTIC per-row model,41,fixed_u,6,10.0,0.06546624559232891,0.03310287945624798,1000,2000,2024,121,0.121,0.1022,0.1427,71414.3842900562,0.8774782005572427,0.6743415208955564,1.1421244976466012,0.0,-56.84259775567446,-56.35110580621,0.045738776574459905,-0.0748,0.1401,0.008646542713917333,0.00678125,66.9,,,,,
predist_grid,PP64_p0.1_eta0.1_s0,64,"PLANTED_VERIFIED(longrun T=20000,trials=200,seed=20260722)",-72.88284231924007,predistorted_6b_span4_measured,64,identity,"6b_span4_measured (LSB 3.077 mV, residual bound 0.0657 u)",12,none,,,0.064850360478284,0.033427453952495204,1000,2000,2024,466,0.466,0.4353,0.497,14681.121832890643,1.014995242761576,0.8923729051553007,1.1540057347223165,0.0,-72.88284231924007,-72.75793095143962,0.0,0.0,0.1249,0.001713865209226008,-0.00090625,39.3,6,4.0,3.0767,"MEASURED (update_chain 6-bit, +/-4 V_T)",63
predist_grid,PP64_p0.1_eta0.1_s0,64,"PLANTED_VERIFIED(longrun T=20000,trials=200,seed=20260722)",-72.88284231924007,predistorted_6b_span10,64,identity,"6b_span10 (LSB 7.433 mV, residual bound 0.1587 u)",5,none,,,0.15583309174915905,0.08192812725623291,1000,2000,2024,472,0.472,0.4412,0.503,14421.374223340701,0.9970373107307121,0.8758959525212081,1.132721638352007,0.0,-72.88284231924007,-72.75793095143962,0.0,-0.1249,0.1249,0.001713865209226008,0.00015625,38.6,6,10.0,7.433,ANALYTIC ideal step for 6 bit over +/-10 V_T,63
predist_grid,PP64_p0.1_eta0.1_s0,64,"PLANTED_VERIFIED(longrun T=20000,trials=200,seed=20260722)",-72.88284231924007,predistorted_5b_span10,64,identity,"5b_span10 (LSB 15.106 mV, residual bound 0.3226 u)",2,none,,,0.3178016975180192,0.15557813733185427,1000,2000,2024,451,0.451,0.4204,0.482,15359.35187664216,1.0618854106752784,0.930161422113721,1.210331774024201,0.0,-72.88284231924007,-72.75793095143962,0.0,0.0,0.1249,0.001713865209226008,0.00346875,38.1,5,10.0,15.1058,ANALYTIC ideal step for 5 bit over +/-10 V_T,31
predist_grid,PP64_p0.1_eta0.1_s0,64,"PLANTED_VERIFIED(longrun T=20000,trials=200,seed=20260722)",-72.88284231924007,predistorted_4b_span10,64,identity,"4b_span10 (LSB 31.219 mV, residual bound 0.6667 u)",1,none,,,0.6553357488523401,0.3045037077155094,1000,2000,2024,458,0.458,0.4273,0.489,15037.553651438779,1.0396375421929938,0.9110634887989731,1.18469924857303,0.0,-72.88284231924007,-72.75793095143962,0.0,0.0,0.1249,0.001713865209226008,-0.00484375,36.4,4,10.0,31.2187,ANALYTIC ideal step for 4 bit over +/-10 V_T,15
predist_grid,PP64_p0.1_eta0.1_s0,64,"PLANTED_VERIFIED(longrun T=20000,trials=200,seed=20260722)",-72.88284231924007,predistorted_6b_span4_measured,256,even-sample,"6b_span4_measured (LSB 3.077 mV, residual bound 0.0657 u)",41,none,,,0.06546624559232891,0.03310287945624798,1000,2000,2024,499,0.499,0.4681,0.5299,13326.125048715814,0.9213160739930479,0.8115378777020384,1.0471285933169552,0.0,-72.88284231924007,-72.75793095143962,0.0,-0.1249,0.0,0.001713865209226008,0.000625,33.8,6,4.0,3.0767,"MEASURED (update_chain 6-bit, +/-4 V_T)",63
predist_grid,PP64_p0.1_eta0.1_s0,64,"PLANTED_VERIFIED(longrun T=20000,trials=200,seed=20260722)",-72.88284231924007,predistorted_6b_span10,256,even-sample,"6b_span10 (LSB 7.433 mV, residual bound 0.1587 u)",17,none,,,0.15583309174915905,0.07809679149661085,1000,2000,2024,477,0.477,0.4462,0.508,14209.676725605681,0.9824013751699712,0.8640398997551109,1.1192120992859826,0.0,-72.88284231924007,-72.75793095143962,0.0,-0.1249,0.1249,0.001713865209226008,-0.00259375,27.9,6,10.0,7.433,ANALYTIC ideal step for 6 bit over +/-10 V_T,63
predist_grid,PP64_p0.1_eta0.1_s0,64,"PLANTED_VERIFIED(longrun T=20000,trials=200,seed=20260722)",-72.88284231924007,predistorted_5b_span10,256,even-sample,"5b_span10 (LSB 15.106 mV, residual bound 0.3226 u)",8,none,,,0.3214367954932943,0.15916704084418765,1000,2000,2024,513,0.513,0.482,0.5439,12801.186361298507,0.8850238698594102,0.7748656946560151,1.0028715622985398,0.0,-72.88284231924007,-72.88284231924007,-0.12491136780045053,-0.1249,0.0,0.0,-0.00759375,27.2,5,10.0,15.1058,ANALYTIC ideal step for 5 bit over +/-10 V_T,31
predist_grid,PP64_p0.1_eta0.1_s0,64,"PLANTED_VERIFIED(longrun T=20000,trials=200,seed=20260722)",-72.88284231924007,predistorted_4b_span10,256,even-sample,"4b_span10 (LSB 31.219 mV, residual bound 0.6667 u)",4,none,,,0.6592258747103263,0.32454702136336444,1000,2000,2024,451,0.451,0.4204,0.482,15359.35187664216,1.0618854106752784,0.930161422113721,1.210331774024201,0.0,-72.88284231924007,-72.75793095143962,0.0,0.0,0.1249,0.001713865209226008,0.0154375,27.1,4,10.0,31.2187,ANALYTIC ideal step for 4 bit over +/-10 V_T,15
predist_grid,ER64_p0.1,64,"LONGRUN_BEST(T=20000,trials=200,seed=20260720)",-56.84259775567446,predistorted_6b_span4_measured,64,identity,"6b_span4_measured (LSB 3.077 mV, residual bound 0.0657 u)",12,none,,,0.064850360478284,0.033427453952495204,1000,2000,2024,131,0.131,0.1115,0.1533,65595.03667008986,0.9509959721428174,0.7412200093014664,1.2179969926386964,0.0,-56.84259775567446,-56.462225576278975,0.0,-0.1111,0.1111,0.006691674807517303,0.0059375,27.8,6,4.0,3.0767,"MEASURED (update_chain 6-bit, +/-4 V_T)",63
predist_grid,ER64_p0.1,64,"LONGRUN_BEST(T=20000,trials=200,seed=20260720)",-56.84259775567446,predistorted_6b_span10,64,identity,"6b_span10 (LSB 7.433 mV, residual bound 0.1587 u)",5,none,,,0.15583309174915905,0.08192812725623291,1000,2000,2024,119,0.119,0.1004,0.1405,72695.43003006757,1.053937380955954,0.8155122205252251,1.3606782621496627,0.0,-56.84259775567446,-56.462225576278975,0.0,-0.0944,0.1485,0.006691674807517303,0.0145,25.5,6,10.0,7.433,ANALYTIC ideal step for 6 bit over +/-10 V_T,63
predist_grid,ER64_p0.1,64,"LONGRUN_BEST(T=20000,trials=200,seed=20260720)",-56.84259775567446,predistorted_5b_span10,64,identity,"5b_span10 (LSB 15.106 mV, residual bound 0.3226 u)",2,none,,,0.3178016975180192,0.15557813733185427,1000,2000,2024,90,0.09,0.0738,0.1093,97659.5696650107,1.4158671464692516,1.080172307085934,1.8787194158105007,0.0,-56.84259775567446,-56.03492575781493,0.42729981846404286,0.2704,0.717,0.014208921297565104,-0.01121875,25.0,5,10.0,15.1058,ANALYTIC ideal step for 5 bit over +/-10 V_T,31
predist_grid,ER64_p0.1,64,"LONGRUN_BEST(T=20000,trials=200,seed=20260720)",-56.84259775567446,predistorted_4b_span10,64,identity,"4b_span10 (LSB 31.219 mV, residual bound 0.6667 u)",1,none,,,0.6553357488523401,0.3045037077155094,1000,2000,2024,124,0.124,0.105,0.1459,69570.18551087157,1.0086276273435737,0.7829449497812735,1.2967692860525262,0.0,-56.84259775567446,-56.32033322870118,0.14189234757779445,0.0466,0.2716,0.009187907442550765,0.03140625,25.2,4,10.0,31.2187,ANALYTIC ideal step for 4 bit over +/-10 V_T,15
predist_grid,ER64_p0.1,64,"LONGRUN_BEST(T=20000,trials=200,seed=20260720)",-56.84259775567446,predistorted_6b_span4_measured,256,even-sample,"6b_span4_measured (LSB 3.077 mV, residual bound 0.0657 u)",41,none,,,0.06546624559232891,0.03310287945624798,1000,2000,2024,111,0.111,0.093,0.132,78280.58414436379,1.1349108712705729,0.8811264613938051,1.46445554163603,0.0,-56.84259775567446,-56.3678155829558,0.09440999332317546,0.0,0.1722,0.008352576966299284,0.00671875,25.9,6,4.0,3.0767,"MEASURED (update_chain 6-bit, +/-4 V_T)",63
predist_grid,ER64_p0.1,64,"LONGRUN_BEST(T=20000,trials=200,seed=20260720)",-56.84259775567446,predistorted_6b_span10,256,even-sample,"6b_span10 (LSB 7.433 mV, residual bound 0.1587 u)",17,none,,,0.15583309174915905,0.07809679149661085,1000,2000,2024,136,0.136,0.1161,0.1586,63005.76150153685,0.9134566950714755,0.7135487514827381,1.1641039092722902,0.0,-56.84259775567446,-56.39684458278446,0.06538099349451443,-0.0654,0.1485,0.00784188602368199,0.03196875,27.7,6,10.0,7.433,ANALYTIC ideal step for 6 bit over +/-10 V_T,63
predist_grid,ER64_p0.1,64,"LONGRUN_BEST(T=20000,trials=200,seed=20260720)",-56.84259775567446,predistorted_5b_span10,256,even-sample,"5b_span10 (LSB 15.106 mV, residual bound 0.3226 u)",8,none,,,0.3214367954932943,0.15916704084418765,1000,2000,2024,128,0.128,0.1087,0.1501,67245.5216452062,0.9749246814339212,0.7565629153379347,1.2518095647070053,0.0,-56.84259775567446,-56.3678155829558,0.09440999332317546,-0.0457,0.1586,0.008352576966299284,-0.0238125,26.1,5,10.0,15.1058,ANALYTIC ideal step for 5 bit over +/-10 V_T,31
predist_grid,ER64_p0.1,64,"LONGRUN_BEST(T=20000,trials=200,seed=20260720)",-56.84259775567446,predistorted_4b_span10,256,even-sample,"4b_span10 (LSB 31.219 mV, residual bound 0.6667 u)",4,none,,,0.6592258747103263,0.32454702136336444,1000,2000,2024,119,0.119,0.1004,0.1405,72695.43003006757,1.053937380955954,0.8155122205252251,1.3606782621496627,0.0,-56.84259775567446,-56.32207680638134,0.14014876989763536,0.0374,0.2716,0.009157233656534626,-0.0103125,27.9,4,10.0,31.2187,ANALYTIC ideal step for 4 bit over +/-10 V_T,15
