landscape,n,seed,arm,h_clip,n_trials,n_sweeps,success_metric,metric_note,k,p_s,wilson_lo,wilson_hi,k_energy,tts99_sweeps,tts_ratio_vs_ideal,tts_ratio_lo,tts_ratio_hi,energy_min,energy_median,emed_lo,emed_hi,dmed_vs_ideal,dmed_lo,dmed_hi,target
ER14_wiring,14,2024,ideal,3.0,200,2000,energy,p_s (wiring validation),37,0.185,0.1373,0.2446,37,45023.55174449123,1.0,nan,nan,-6.877554338927609,-6.768274641449795,-6.7712,-6.7683,0.0,0.0,0.0,-6.87755433892761
ER14_wiring,14,2024,beta3,3.0,200,2000,energy,p_s (wiring validation),146,0.73,0.6646,0.7868,146,7034.374082903813,0.1562376536356772,0.10413556145420043,0.2214061737796398,-6.877554338927609,-6.877554338927609,-6.8776,-6.8776,-0.10927969747781319,-0.1093,-0.1064,-6.87755433892761
G14,800,2024,ideal,66.0,200,10000,energy,energy_median (p_s=0 regime at T=1e4),0,0.0,0.0,0.0188,0,inf,1.0,nan,nan,-715.0,-708.0,-709.0,-707.0,0.0,0.0,0.0,-717.0
G14,800,2024,beta3,66.0,200,10000,energy,energy_median (p_s=0 regime at T=1e4),0,0.0,0.0,0.0188,0,inf,nan,nan,nan,-682.0,-665.5,-667.0,-664.0,42.5,41.0,44.0,-717.0
G14,800,2024,beta6,66.0,200,10000,energy,energy_median (p_s=0 regime at T=1e4),0,0.0,0.0,0.0188,0,inf,nan,nan,nan,-690.0,-672.0,-673.0,-671.0,36.0,35.0,38.0,-717.0
G14,800,2025,ideal,66.0,200,10000,energy,energy_median (p_s=0 regime at T=1e4),0,0.0,0.0,0.0188,0,inf,1.0,nan,nan,-716.0,-708.0,-708.0,-707.0,0.0,0.0,0.0,-717.0
G14,800,2025,beta3,66.0,200,10000,energy,energy_median (p_s=0 regime at T=1e4),0,0.0,0.0,0.0188,0,inf,nan,nan,nan,-684.0,-665.0,-666.0,-663.0,43.0,42.0,45.0,-717.0
G14,800,2025,beta6,66.0,200,10000,energy,energy_median (p_s=0 regime at T=1e4),0,0.0,0.0,0.0188,0,inf,nan,nan,nan,-689.0,-671.0,-672.0,-670.0,37.0,36.0,38.0,-717.0
G14,800,4096,ideal,66.0,200,10000,energy,energy_median (p_s=0 regime at T=1e4),0,0.0,0.0,0.0188,0,inf,1.0,nan,nan,-715.0,-708.0,-708.0,-707.0,0.0,0.0,0.0,-717.0
G14,800,4096,beta3,66.0,200,10000,energy,energy_median (p_s=0 regime at T=1e4),0,0.0,0.0,0.0188,0,inf,nan,nan,nan,-682.0,-664.0,-666.0,-663.0,44.0,41.0,45.0,-717.0
G14,800,4096,beta6,66.0,200,10000,energy,energy_median (p_s=0 regime at T=1e4),0,0.0,0.0,0.0188,0,inf,nan,nan,nan,-685.0,-671.0,-672.0,-670.0,37.0,36.0,38.0,-717.0
M65,11,2024,ideal,12748.0,200,20000,decoded,p_s/TTS (decoded factors),3,0.015,0.0051,0.0432,3,6094059.211775446,1.0,nan,nan,-19607.0,-19207.0,-19351.0,-18931.0,0.0,0.0,0.0,-19607.0
M65,11,2024,beta3,12748.0,200,20000,decoded,p_s/TTS (decoded factors),3,0.015,0.0051,0.0432,3,6094059.211775446,1.0,0.0,5.050892117322642,-19607.0,-19207.0,-19351.0,-18931.0,0.0,-420.0,420.0,-19607.0
M65,11,2024,beta6,12748.0,200,20000,decoded,p_s/TTS (decoded factors),3,0.015,0.0051,0.0432,3,6094059.211775446,1.0,0.0,5.050892117322642,-19607.0,-19207.0,-19351.0,-18931.0,0.0,-420.0,420.0,-19607.0
M65,11,2025,ideal,12748.0,200,20000,decoded,p_s/TTS (decoded factors),2,0.01,0.0027,0.0357,2,9164211.531067768,1.0,nan,nan,-19607.0,-19351.0,-19351.0,-18931.0,0.0,0.0,0.0,-19607.0
M65,11,2025,beta3,12748.0,200,20000,decoded,p_s/TTS (decoded factors),2,0.01,0.0027,0.0357,2,9164211.531067768,1.0,0.0,4.030431670939049,-19607.0,-19207.0,-19351.0,-18931.0,144.0,-420.0,420.0,-19607.0
M65,11,2025,beta6,12748.0,200,20000,decoded,p_s/TTS (decoded factors),2,0.01,0.0027,0.0357,2,9164211.531067768,1.0,0.0,4.030431670939049,-19607.0,-19207.0,-19351.0,-18931.0,144.0,-420.0,420.0,-19607.0
M65,11,4096,ideal,12748.0,200,20000,decoded,p_s/TTS (decoded factors),4,0.02,0.0078,0.0503,4,4558963.423673975,1.0,nan,nan,-19607.0,-18931.0,-19351.0,-18931.0,0.0,0.0,0.0,-19607.0
M65,11,4096,beta3,12748.0,200,20000,decoded,p_s/TTS (decoded factors),4,0.02,0.0078,0.0503,4,4558963.423673975,1.0,0.14069432818257158,5.050892117322642,-19607.0,-18931.0,-19351.0,-18931.0,0.0,-420.0,420.0,-19607.0
M65,11,4096,beta6,12748.0,200,20000,decoded,p_s/TTS (decoded factors),4,0.02,0.0078,0.0503,4,4558963.423673975,1.0,0.14069432818257158,5.050892117322642,-19607.0,-18931.0,-19351.0,-18931.0,0.0,-420.0,420.0,-19607.0
reg3_n16_s7,16,2024,ideal,2.0,200,2000,energy,p_s/TTS (exact E_min),190,0.95,0.9104,0.9726,190,3074.487147360964,1.0,nan,nan,-9.0,-9.0,-9.0,-9.0,0.0,0.0,0.0,-9.0
reg3_n16_s7,16,2024,beta3,2.0,200,2000,energy,p_s/TTS (exact E_min),140,0.7,0.6332,0.7593,140,7649.957157572794,2.4882059318866427,1.918275026402576,3.373076060781682,-9.0,-9.0,-9.0,-9.0,0.0,0.0,0.0,-9.0
reg3_n16_s7,16,2024,beta6,2.0,200,2000,energy,p_s/TTS (exact E_min),183,0.915,0.8681,0.9463,183,3736.2887277535738,1.2152559268171532,0.9240353424463914,1.6367413942304583,-9.0,-9.0,-9.0,-9.0,0.0,0.0,0.0,-9.0
reg3_n16_s7,16,2025,ideal,2.0,200,2000,energy,p_s/TTS (exact E_min),191,0.955,0.9167,0.9761,191,2970.0305660048025,1.0,nan,nan,-9.0,-9.0,-9.0,-9.0,0.0,0.0,0.0,-9.0
reg3_n16_s7,16,2025,beta3,2.0,200,2000,energy,p_s/TTS (exact E_min),141,0.705,0.6384,0.7639,141,7544.63617982909,2.540255398777903,1.9713954686603354,3.4333028794618348,-9.0,-9.0,-9.0,-9.0,0.0,0.0,0.0,-9.0
reg3_n16_s7,16,2025,beta6,2.0,200,2000,energy,p_s/TTS (exact E_min),192,0.96,0.9231,0.9796,192,2861.353116146787,0.9634086426241044,0.6987095948295303,1.3111770109278968,-9.0,-9.0,-9.0,-9.0,0.0,0.0,0.0,-9.0
reg3_n16_s7,16,4096,ideal,2.0,200,2000,energy,p_s/TTS (exact E_min),193,0.965,0.9295,0.9829,193,2747.381142695615,1.0,nan,nan,-9.0,-9.0,-9.0,-9.0,0.0,0.0,0.0,-9.0
reg3_n16_s7,16,4096,beta3,2.0,200,2000,energy,p_s/TTS (exact E_min),145,0.725,0.6593,0.7822,145,7134.35571502547,2.5967841171194546,2.0002961825478085,3.6176703531674823,-9.0,-9.0,-9.0,-9.0,0.0,0.0,0.0,-9.0
reg3_n16_s7,16,4096,beta6,2.0,200,2000,energy,p_s/TTS (exact E_min),188,0.94,0.8981,0.9653,188,3273.727620751706,1.1915811642863874,0.8929310194584675,1.6627697070087026,-9.0,-9.0,-9.0,-9.0,0.0,0.0,0.0,-9.0
