scope,n,er_seed,axis,value,n_seeds,n_trials,hits,p_s,wilson_lo,wilson_hi,tts99_sweeps,tts_ratio_vs_ideal,ratio_lo,ratio_hi,ratio_geomean,ratio_min,ratio_max,target,source
per_seed,14,0,baseline,0.0,1,200,37,0.185,0.1373,0.2446,45023.6,1.0,nan,nan,,,,-6.877554338927609,canonical(results_circuit_ablation)
per_seed,14,0,bits,2.0,1,200,28,0.14,0.0987,0.1949,61067.3,1.3563403147975033,0.8317921115569308,2.242823349750715,,,,-6.877554338927609,canonical(results_circuit_ablation)
per_seed,14,0,bits,3.0,1,200,22,0.11,0.0738,0.1609,79035.8,1.7554317906483805,1.0463316743766908,3.0569360902487155,,,,-6.877554338927609,canonical(results_circuit_ablation)
per_seed,14,0,bits,4.0,1,200,15,0.075,0.046,0.12,118139.5,2.6239497306598145,1.4961613096222044,5.1619484494099535,,,,-6.877554338927609,canonical(results_circuit_ablation)
per_seed,14,0,bits,5.0,1,200,17,0.085,0.0537,0.1319,103683.6,2.302874825248944,1.3442776961951275,4.329336522410349,,,,-6.877554338927609,canonical(results_circuit_ablation)
per_seed,14,0,bits,6.0,1,200,16,0.08,0.0498,0.126,110460.1,2.4533847252912278,1.4121662856501567,4.719360768110112,,,,-6.877554338927609,canonical(results_circuit_ablation)
per_seed,14,0,bits,8.0,1,200,17,0.085,0.0537,0.1319,103683.6,2.302874825248944,1.3442776961951275,4.329336522410349,,,,-6.877554338927609,canonical(results_circuit_ablation)
per_seed,14,0,span,2.0,1,200,4,0.02,0.0078,0.0503,455896.3,10.125730305654487,4.417313662658211,42.47111114414555,,,,-6.877554338927609,canonical(results_circuit_ablation)
per_seed,14,0,span,3.0,1,200,8,0.04,0.0204,0.0769,225622.0,5.011199676678508,2.567559587939491,13.53526982135761,,,,-6.877554338927609,canonical(results_circuit_ablation)
per_seed,14,0,span,4.0,1,200,16,0.08,0.0498,0.126,110460.1,2.4533847252912278,1.4121662856501567,4.719360768110112,,,,-6.877554338927609,canonical(results_circuit_ablation)
per_seed,14,0,span,6.0,1,200,29,0.145,0.1029,0.2005,58794.2,1.3058550295203084,0.8042530702598846,2.154520831130028,,,,-6.877554338927609,canonical(results_circuit_ablation)
per_seed,14,0,span,8.0,1,200,29,0.145,0.1029,0.2005,58794.2,1.3058550295203084,0.8042530702598846,2.154520831130028,,,,-6.877554338927609,canonical(results_circuit_ablation)
per_seed,14,0,k,1.0,1,200,34,0.17,0.1243,0.2282,49430.4,1.0978781132163453,0.6828457752386715,1.7841280404338624,,,,-6.877554338927609,canonical(results_circuit_ablation)
per_seed,14,0,k,2.0,1,200,43,0.215,0.1637,0.277,38048.0,0.8450689735193219,0.5397415500188879,1.3262608360219512,,,,-6.877554338927609,canonical(results_circuit_ablation)
per_seed,14,0,k,3.0,1,200,47,0.235,0.1816,0.2984,34382.4,0.7636538354872615,0.4865651049263102,1.1750897723578144,,,,-6.877554338927609,canonical(results_circuit_ablation)
per_seed,14,0,k,4.0,1,200,45,0.225,0.1726,0.2877,36134.3,0.8025633028826643,0.5123563757451198,1.2511739601436118,,,,-6.877554338927609,canonical(results_circuit_ablation)
per_seed,14,0,k,5.0,1,200,44,0.22,0.1682,0.2824,37069.5,0.8233359356917503,0.5242693381940352,1.2844093924065276,,,,-6.877554338927609,canonical(results_circuit_ablation)
per_seed,14,1,baseline,0,1,200,69,0.345,0.2826,0.4132,21767.7,1.0,nan,nan,,,,-6.797095245275903,this-run
per_seed,14,1,bits,2,1,200,14,0.07,0.0422,0.1141,126915.4,5.830453407822209,3.4765803199113323,11.710250970363713,,,,-6.797095245275903,this-run
per_seed,14,1,bits,3,1,200,20,0.1,0.0657,0.1494,87417.4,4.015926086780263,2.55644957809275,7.1543188187295845,,,,-6.797095245275903,this-run
per_seed,14,1,bits,4,1,200,16,0.08,0.0498,0.126,110460.1,5.074500824950146,3.096863124972916,9.797125081388115,,,,-6.797095245275903,this-run
per_seed,14,1,bits,5,1,200,17,0.085,0.0537,0.1319,103683.6,4.763191064171771,2.9389778859943974,9.007716605324925,,,,-6.797095245275903,this-run
per_seed,14,1,bits,8,1,200,17,0.085,0.0537,0.1319,103683.6,4.763191064171771,2.9389778859943974,9.007716605324925,,,,-6.797095245275903,this-run
per_seed,14,1,span,2.0,1,200,5,0.025,0.0107,0.0572,363789.0,16.712349015737782,8.0472321559163,76.93950382628218,,,,-6.797095245275903,this-run
per_seed,14,1,span,3.0,1,200,9,0.045,0.0239,0.0833,200033.7,9.189484156181758,5.08532355524024,23.66196735070528,,,,-6.797095245275903,this-run
per_seed,14,1,span,4.0,1,200,17,0.085,0.0537,0.1319,103683.6,4.763191064171771,2.9389778859943974,9.007716605324925,,,,-6.797095245275903,this-run
per_seed,14,1,span,6.0,1,200,54,0.27,0.2132,0.3354,29266.0,1.344472822376636,0.9447131931375141,1.9382720021734212,,,,-6.797095245275903,this-run
per_seed,14,1,span,8.0,1,200,64,0.32,0.2593,0.3875,23881.9,1.097125243959527,0.7802252693203288,1.5550054782410798,,,,-6.797095245275903,this-run
per_seed,14,1,k,1,1,200,69,0.345,0.2826,0.4132,21767.7,1.0,0.7116144861750064,1.4089210063424495,,,,-6.797095245275903,this-run
per_seed,14,1,k,2,1,200,70,0.35,0.2873,0.4184,21380.5,0.9822117533929211,0.7017732471634076,1.3766521742340798,,,,-6.797095245275903,this-run
per_seed,14,1,k,3,1,200,76,0.38,0.3156,0.4489,19267.1,0.8851220818863673,0.6372784256657406,1.2293781884389305,,,,-6.797095245275903,this-run
per_seed,14,1,k,4,1,200,76,0.38,0.3156,0.4489,19267.1,0.8851220818863673,0.6372784256657406,1.2293781884389305,,,,-6.797095245275903,this-run
per_seed,14,1,k,5,1,200,74,0.37,0.3061,0.4388,19934.3,0.9157739618434181,0.6547772169610147,1.288285070506528,,,,-6.797095245275903,this-run
per_seed,14,1,bits,6,1,200,17,0.085,0.0537,0.1319,103683.6,4.763191064171771,2.9389778859943974,9.007716605324925,,,,-6.797095245275903,dedup(span@4)
per_seed,14,2,baseline,0,1,200,128,0.64,0.5714,0.7033,9015.2,1.0,nan,nan,,,,-7.3421235819381305,this-run
per_seed,14,2,bits,2,1,200,29,0.145,0.1029,0.2005,58794.2,6.521713370623075,4.453630915341401,10.331531593212091,,,,-7.3421235819381305,this-run
per_seed,14,2,bits,3,1,200,47,0.235,0.1816,0.2984,34382.4,3.81384710924178,2.741091954198918,5.470827704643499,,,,-7.3421235819381305,this-run
per_seed,14,2,bits,4,1,200,45,0.225,0.1726,0.2877,36134.3,4.008169134290484,2.895882414037688,5.789792859742442,,,,-7.3421235819381305,this-run
per_seed,14,2,bits,5,1,200,39,0.195,0.1461,0.2554,42461.0,4.709958555585023,3.350286668110736,7.044618574262338,,,,-7.3421235819381305,this-run
per_seed,14,2,bits,8,1,200,40,0.2,0.1505,0.2609,41275.4,4.578448453988205,3.2657299274721936,6.76559885633757,,,,-7.3421235819381305,this-run
per_seed,14,2,span,2.0,1,200,5,0.025,0.0107,0.0572,363789.0,40.35306880303118,19.86782947394237,190.42473425577006,,,,-7.3421235819381305,this-run
per_seed,14,2,span,3.0,1,200,21,0.105,0.0697,0.1552,83027.2,9.209743746667751,6.03508873088742,16.051625216843863,,,,-7.3421235819381305,this-run
per_seed,14,2,span,4.0,1,200,41,0.205,0.1549,0.2663,40147.4,4.4533244224475235,3.172523328576404,6.521713370623075,,,,-7.3421235819381305,this-run
per_seed,14,2,span,6.0,1,200,86,0.43,0.3633,0.4993,16385.0,1.817500202426776,1.3782389954850875,2.4178603312123332,,,,-7.3421235819381305,this-run
per_seed,14,2,span,8.0,1,200,119,0.595,0.5258,0.6606,10189.9,1.130309965666316,0.8725155485811936,1.4669770901909012,,,,-7.3421235819381305,this-run
per_seed,14,2,k,1,1,200,121,0.605,0.5359,0.6702,9915.6,1.099886724716938,0.8492627322084754,1.4272998685197658,,,,-7.3421235819381305,this-run
per_seed,14,2,k,2,1,200,134,0.67,0.6022,0.7314,8307.6,0.921516812179742,0.7177575556707124,1.179972446848546,,,,-7.3421235819381305,this-run
per_seed,14,2,k,3,1,200,137,0.685,0.6176,0.7454,7973.1,0.8844066834258937,0.6872805073919613,1.1334426907647899,,,,-7.3421235819381305,this-run
per_seed,14,2,k,4,1,200,135,0.675,0.6073,0.7361,8194.8,0.908998923131382,0.7006297387086359,1.177366258776953,,,,-7.3421235819381305,this-run
per_seed,14,2,k,5,1,200,134,0.67,0.6022,0.7314,8307.6,0.921516812179742,0.7177575556707124,1.179972446848546,,,,-7.3421235819381305,this-run
per_seed,14,2,bits,6,1,200,41,0.205,0.1549,0.2663,40147.4,4.4533244224475235,3.172523328576404,6.521713370623075,,,,-7.3421235819381305,dedup(span@4)
per_seed,14,3,baseline,0,1,200,38,0.19,0.1417,0.25,43708.7,1.0,nan,nan,,,,-8.72723550198506,this-run
per_seed,14,3,bits,2,1,200,17,0.085,0.0537,0.1319,103683.6,2.3721507623615756,1.3639113565216079,4.576520562184625,,,,-8.72723550198506,this-run
per_seed,14,3,bits,3,1,200,14,0.07,0.0422,0.1141,126915.4,2.903665695947471,1.6281144421956029,6.086458102266845,,,,-8.72723550198506,this-run
per_seed,14,3,bits,4,1,200,13,0.065,0.0384,0.108,137040.8,3.1353214020017517,1.7464877660540803,6.68676029440647,,,,-8.72723550198506,this-run
per_seed,14,3,bits,5,1,200,15,0.075,0.046,0.12,118139.5,2.7028843625099177,1.5319780743730986,5.466257931211323,,,,-8.72723550198506,this-run
per_seed,14,3,bits,8,1,200,15,0.075,0.046,0.12,118139.5,2.7028843625099177,1.5319780743730986,5.466257931211323,,,,-8.72723550198506,this-run
per_seed,14,3,span,2.0,1,200,5,0.025,0.0107,0.0572,363789.0,8.323036158833677,3.837485450830876,37.17267301716857,,,,-8.72723550198506,this-run
per_seed,14,3,span,3.0,1,200,9,0.045,0.0239,0.0833,200033.7,4.576520562184625,2.4025316602886906,11.667858659549822,,,,-8.72723550198506,this-run
per_seed,14,3,span,4.0,1,200,16,0.08,0.0498,0.126,110460.1,2.5271883572033498,1.4452341563675675,4.976048174904565,,,,-8.72723550198506,this-run
per_seed,14,3,span,6.0,1,200,22,0.11,0.0738,0.1609,79035.8,1.8082393427572214,1.0751008965321593,3.213061196289425,,,,-8.72723550198506,this-run
per_seed,14,3,span,8.0,1,200,35,0.175,0.1286,0.2336,47877.8,1.095383678019031,0.6894507069829608,1.747853089680867,,,,-8.72723550198506,this-run
per_seed,14,3,k,1,1,200,44,0.22,0.1682,0.2824,37069.5,0.848103833572342,0.5413844722801247,1.3072187638307975,,,,-8.72723550198506,this-run
per_seed,14,3,k,2,1,200,41,0.205,0.1549,0.2663,40147.4,0.9185219685761206,0.5856851847837329,1.4413580671211905,,,,-8.72723550198506,this-run
per_seed,14,3,k,3,1,200,36,0.18,0.1329,0.2391,46411.2,1.061829350219851,0.6645692315419678,1.6926528381670307,,,,-8.72723550198506,this-run
per_seed,14,3,k,4,1,200,37,0.185,0.1373,0.2446,45023.6,1.0300823719783132,0.6471384299295065,1.6484039247870288,,,,-8.72723550198506,this-run
per_seed,14,3,k,5,1,200,36,0.18,0.1329,0.2391,46411.2,1.061829350219851,0.6645692315419678,1.6926528381670307,,,,-8.72723550198506,this-run
per_seed,14,3,bits,6,1,200,16,0.08,0.0498,0.126,110460.1,2.5271883572033498,1.4452341563675675,4.976048174904565,,,,-8.72723550198506,dedup(span@4)
per_seed,14,4,baseline,0,1,200,39,0.195,0.1461,0.2554,42461.0,1.0,nan,nan,,,,-5.4563622079208525,this-run
per_seed,14,4,bits,2,1,200,12,0.06,0.0347,0.1019,148853.0,3.5056417983445907,1.9627491269073216,7.598283894357128,,,,-5.4563622079208525,this-run
per_seed,14,4,bits,3,1,200,21,0.105,0.0697,0.1552,83027.2,1.9553768123388107,1.1798397237995173,3.5073161544625884,,,,-5.4563622079208525,this-run
per_seed,14,4,bits,4,1,200,18,0.09,0.0577,0.1378,97659.6,2.2999834459862862,1.3639113565216079,4.310033962836929,,,,-5.4563622079208525,this-run
per_seed,14,4,bits,5,1,200,25,0.125,0.0861,0.178,68975.1,1.6244345041282697,1.0,2.782307756803971,,,,-5.4563622079208525,this-run
per_seed,14,4,bits,8,1,200,20,0.1,0.0657,0.1494,87417.4,2.0587693616461635,1.2354197596889573,3.7076633127606224,,,,-5.4563622079208525,this-run
per_seed,14,4,span,2.0,1,200,1,0.005,0.0009,0.0278,1837459.1,43.27405320484653,11.143488665117511,56.06686978910743,,,,-5.4563622079208525,this-run
per_seed,14,4,span,3.0,1,200,5,0.025,0.0107,0.0572,363789.0,8.567605919839975,4.046777583672614,38.106888404933194,,,,-5.4563622079208525,this-run
per_seed,14,4,span,4.0,1,200,24,0.12,0.082,0.1723,72049.6,1.6968417479844113,1.0363017535583083,2.942262671290534,,,,-5.4563622079208525,this-run
per_seed,14,4,span,6.0,1,200,45,0.225,0.1726,0.2877,36134.3,0.8509988117703575,0.5495723045093148,1.3024645263524781,,,,-5.4563622079208525,this-run
per_seed,14,4,span,8.0,1,200,39,0.195,0.1461,0.2554,42461.0,1.0,0.6353133330145232,1.5740264654214964,,,,-5.4563622079208525,this-run
per_seed,14,4,k,1,1,200,50,0.25,0.1951,0.3143,32015.7,0.7540024990605941,0.4894342860940966,1.1364908498598802,,,,-5.4563622079208525,this-run
per_seed,14,4,k,2,1,200,45,0.225,0.1726,0.2877,36134.3,0.8509988117703575,0.5495723045093148,1.3024645263524781,,,,-5.4563622079208525,this-run
per_seed,14,4,k,3,1,200,44,0.22,0.1682,0.2824,37069.5,0.8730250940266976,0.5548788205271534,1.3452442506201652,,,,-5.4563622079208525,this-run
per_seed,14,4,k,4,1,200,48,0.24,0.1861,0.3037,33560.9,0.7903931449470903,0.5123563757451198,1.2145710598187605,,,,-5.4563622079208525,this-run
per_seed,14,4,k,5,1,200,49,0.245,0.1906,0.309,32772.6,0.7718293061057199,0.49878317309983744,1.1833353623615621,,,,-5.4563622079208525,this-run
per_seed,14,4,bits,6,1,200,24,0.12,0.082,0.1723,72049.6,1.6968417479844113,1.0363017535583083,2.942262671290534,,,,-5.4563622079208525,dedup(span@4)
per_seed,20,0,baseline,0,1,200,98,0.49,0.4216,0.5588,13678.5,1.0,nan,nan,,,,-15.953545212538145,this-run
per_seed,20,0,bits,2,1,200,14,0.07,0.0422,0.1141,126915.4,9.278463894457216,5.631306652740896,18.899744459359596,,,,-15.953545212538145,this-run
per_seed,20,0,bits,3,1,200,21,0.105,0.0697,0.1552,83027.2,6.069909671969183,3.9334258084455826,10.613943736956404,,,,-15.953545212538145,this-run
per_seed,20,0,bits,4,1,200,15,0.075,0.046,0.12,118139.5,8.636880961690077,5.328419048285342,17.03833888015731,,,,-15.953545212538145,this-run
per_seed,20,0,bits,5,1,200,14,0.07,0.0422,0.1141,126915.4,9.278463894457216,5.631306652740896,18.899744459359596,,,,-15.953545212538145,this-run
per_seed,20,0,bits,8,1,200,14,0.07,0.0422,0.1141,126915.4,9.278463894457216,5.631306652740896,18.899744459359596,,,,-15.953545212538145,this-run
per_seed,20,0,span,2.0,1,200,1,0.005,0.0009,0.0278,1837459.1,134.33195711226114,35.30961849152067,159.30195184948317,,,,-15.953545212538145,this-run
per_seed,20,0,span,3.0,1,200,3,0.015,0.0051,0.0432,609405.9,44.55211655370611,18.757483126280015,148.515563790571,,,,-15.953545212538145,this-run
per_seed,20,0,span,4.0,1,200,14,0.07,0.0422,0.1141,126915.4,9.278463894457216,5.631306652740896,18.899744459359596,,,,-15.953545212538145,this-run
per_seed,20,0,span,6.0,1,200,63,0.315,0.2546,0.3824,24344.3,1.779750721295845,1.293905121101888,2.481744250248417,,,,-15.953545212538145,this-run
per_seed,20,0,span,8.0,1,200,96,0.48,0.4118,0.549,14084.7,1.029694601495654,0.7698838843326531,1.3666299544242375,,,,-15.953545212538145,this-run
per_seed,20,0,k,1,1,200,98,0.49,0.4216,0.5588,13678.5,1.0,0.7515854994321892,1.337423616759636,,,,-15.953545212538145,this-run
per_seed,20,0,k,2,1,200,104,0.52,0.451,0.5882,12548.7,0.9174016786061753,0.693021760883775,1.2167940543528915,,,,-15.953545212538145,this-run
per_seed,20,0,k,3,1,200,109,0.545,0.4758,0.6125,11696.3,0.8550864591498246,0.6472661620664039,1.133697184256475,,,,-15.953545212538145,this-run
per_seed,20,0,k,4,1,200,110,0.55,0.4808,0.6174,11534.4,0.8432536798995721,0.6377139855540713,1.1189522511041339,,,,-15.953545212538145,this-run
per_seed,20,0,k,5,1,200,110,0.55,0.4808,0.6174,11534.4,0.8432536798995721,0.6377139855540713,1.1189522511041339,,,,-15.953545212538145,this-run
per_seed,20,0,bits,6,1,200,14,0.07,0.0422,0.1141,126915.4,9.278463894457216,5.631306652740896,18.899744459359596,,,,-15.953545212538145,dedup(span@4)
per_seed,20,1,baseline,0,1,200,90,0.45,0.3826,0.5192,15406.1,1.0,nan,nan,,,,-14.293926760034157,this-run
per_seed,20,1,bits,2,1,200,22,0.11,0.0738,0.1609,79035.8,5.130158952681584,3.352038947511547,8.87913012455075,,,,-14.293926760034157,this-run
per_seed,20,1,bits,3,1,200,39,0.195,0.1461,0.2554,42461.0,2.756114186084895,1.9236000125713109,4.143176153969096,,,,-14.293926760034157,this-run
per_seed,20,1,bits,4,1,200,29,0.145,0.1029,0.2005,58794.2,3.8162940344856544,2.5792640777439995,6.121398155456298,,,,-14.293926760034157,this-run
per_seed,20,1,bits,5,1,200,35,0.175,0.1286,0.2336,47877.8,3.107714918890082,2.137088029294654,4.748130141212448,,,,-14.293926760034157,this-run
per_seed,20,1,bits,8,1,200,37,0.185,0.1373,0.2446,45023.6,2.9224484710891137,2.0164392895922174,4.400024806642085,,,,-14.293926760034157,this-run
per_seed,20,1,span,2.0,1,200,1,0.005,0.0009,0.0278,1837459.1,119.26823192727004,31.32059913699441,142.31300465700002,,,,-14.293926760034157,this-run
per_seed,20,1,span,3.0,1,200,18,0.09,0.0577,0.1378,97659.6,6.339017003243225,4.032974970503824,11.655266207676501,,,,-14.293926760034157,this-run
per_seed,20,1,span,4.0,1,200,33,0.165,0.12,0.2227,51076.7,3.315357240132784,2.2542484329578216,5.1491514712230275,,,,-14.293926760034157,this-run
per_seed,20,1,span,6.0,1,200,56,0.28,0.2224,0.3459,28037.2,1.8198770148148922,1.2996699065688462,2.5877193827302998,,,,-14.293926760034157,this-run
per_seed,20,1,span,8.0,1,200,84,0.42,0.3537,0.4893,16908.2,1.097498027835469,0.8143373011358718,1.4747698473569484,,,,-14.293926760034157,this-run
per_seed,20,1,k,1,1,200,74,0.37,0.3061,0.4388,19934.3,1.2939201707107963,0.9516613665377067,1.7797567340319729,,,,-14.293926760034157,this-run
per_seed,20,1,k,2,1,200,85,0.425,0.3585,0.4943,16643.6,1.080326975682699,0.8021866935809143,1.463912143606441,,,,-14.293926760034157,this-run
per_seed,20,1,k,3,1,200,91,0.455,0.3875,0.5242,15174.3,0.9849539658925021,0.7329386560190702,1.3254959985818922,,,,-14.293926760034157,this-run
per_seed,20,1,k,4,1,200,92,0.46,0.3923,0.5292,14947.3,0.970221435546482,0.7203754200452882,1.3060170485929468,,,,-14.293926760034157,this-run
per_seed,20,1,k,5,1,200,94,0.47,0.402,0.5391,14507.3,0.9416561043454439,0.7051289953461912,1.2724666802201163,,,,-14.293926760034157,this-run
per_seed,20,1,bits,6,1,200,33,0.165,0.12,0.2227,51076.7,3.315357240132784,2.2542484329578216,5.1491514712230275,,,,-14.293926760034157,dedup(span@4)
per_seed,20,2,baseline,0,1,200,156,0.78,0.7176,0.8318,6082.9,1.0,nan,nan,,,,-20.08691183227218,this-run
per_seed,20,2,bits,2,1,200,77,0.385,0.3203,0.454,18946.1,3.1146367307337326,2.359439361779668,4.194929769782869,,,,-20.08691183227218,this-run
per_seed,20,2,bits,3,1,200,72,0.36,0.2967,0.4286,20637.7,3.392721240905868,2.5788840344230555,4.6042832451314775,,,,-20.08691183227218,this-run
per_seed,20,2,bits,4,1,200,63,0.315,0.2546,0.3824,24344.3,4.0020668634209295,3.000406856933402,5.517217372026018,,,,-20.08691183227218,this-run
per_seed,20,2,bits,5,1,200,69,0.345,0.2826,0.4132,21767.7,3.5784826467992525,2.6936074978643503,4.872991285391189,,,,-20.08691183227218,this-run
per_seed,20,2,bits,8,1,200,75,0.375,0.3109,0.4439,19596.3,3.221523491339112,2.4613156829665725,4.343369594656306,,,,-20.08691183227218,this-run
per_seed,20,2,span,2.0,1,200,1,0.005,0.0009,0.0278,1837459.1,302.0678501908563,79.66446710032882,353.50464979840405,,,,-20.08691183227218,this-run
per_seed,20,2,span,3.0,1,200,26,0.13,0.0903,0.1837,66136.7,10.872506502461375,7.401616614001309,17.568686536458284,,,,-20.08691183227218,this-run
per_seed,20,2,span,4.0,1,200,74,0.37,0.3061,0.4388,19934.3,3.2770812308472723,2.4814108283147482,4.460050030319494,,,,-20.08691183227218,this-run
per_seed,20,2,span,6.0,1,200,142,0.71,0.6436,0.7685,7440.4,1.2231675414300267,0.9577507683419354,1.5721431144508622,,,,-20.08691183227218,this-run
per_seed,20,2,span,8.0,1,200,150,0.75,0.6857,0.8049,6643.9,1.092212285568714,0.8570546520119365,1.3958158086625851,,,,-20.08691183227218,this-run
per_seed,20,2,k,1,1,200,163,0.815,0.7554,0.8627,5458.3,0.8973143431609091,0.7064928119620641,1.142083563065304,,,,-20.08691183227218,this-run
per_seed,20,2,k,2,1,200,160,0.8,0.7391,0.8495,5722.7,0.9407804556684151,0.7370508525653204,1.201582773061793,,,,-20.08691183227218,this-run
per_seed,20,2,k,3,1,200,163,0.815,0.7554,0.8627,5458.3,0.8973143431609091,0.7064928119620641,1.142083563065304,,,,-20.08691183227218,this-run
per_seed,20,2,k,4,1,200,163,0.815,0.7554,0.8627,5458.3,0.8973143431609091,0.7064928119620641,1.142083563065304,,,,-20.08691183227218,this-run
per_seed,20,2,k,5,1,200,163,0.815,0.7554,0.8627,5458.3,0.8973143431609091,0.7064928119620641,1.142083563065304,,,,-20.08691183227218,this-run
per_seed,20,2,bits,6,1,200,74,0.37,0.3061,0.4388,19934.3,3.2770812308472723,2.4814108283147482,4.460050030319494,,,,-20.08691183227218,dedup(span@4)
per_seed,20,3,baseline,0,1,200,51,0.255,0.1996,0.3196,31288.2,1.0,nan,nan,,,,-11.955070534610577,this-run
per_seed,20,3,bits,2,1,200,14,0.07,0.0422,0.1141,126915.4,4.0563352657048535,2.361384450509088,8.26254225218333,,,,-11.955070534610577,this-run
per_seed,20,3,bits,3,1,200,19,0.095,0.0617,0.1436,92269.2,2.9490089346057093,1.7946109951617297,5.350345478460227,,,,-11.955070534610577,this-run
per_seed,20,3,bits,4,1,200,18,0.09,0.0577,0.1378,97659.6,3.1212908469431797,1.892111818407773,5.764405927172462,,,,-11.955070534610577,this-run
per_seed,20,3,bits,5,1,200,15,0.075,0.046,0.12,118139.5,3.7758496696341117,2.2354518313662326,7.43833651277055,,,,-11.955070534610577,this-run
per_seed,20,3,bits,8,1,200,16,0.08,0.0498,0.126,110460.1,3.5304075364838807,2.0975179370707675,6.725071845602506,,,,-11.955070534610577,this-run
per_seed,20,3,span,2.0,1,200,1,0.005,0.0009,0.0278,1837459.1,58.726903627994645,15.17921543516689,74.02704943985071,,,,-11.955070534610577,this-run
per_seed,20,3,span,3.0,1,200,7,0.035,0.0171,0.0705,258520.1,8.26254225218333,4.228876389273623,25.639530096850155,,,,-11.955070534610577,this-run
per_seed,20,3,span,4.0,1,200,15,0.075,0.046,0.12,118139.5,3.7758496696341117,2.2354518313662326,7.43833651277055,,,,-11.955070534610577,this-run
per_seed,20,3,span,6.0,1,200,29,0.145,0.1029,0.2005,58794.2,1.879118423722405,1.200480334645201,3.038602374619086,,,,-11.955070534610577,this-run
per_seed,20,3,span,8.0,1,200,39,0.195,0.1461,0.2554,42461.0,1.3570927444674272,0.8960164364160057,2.107387182558725,,,,-11.955070534610577,this-run
per_seed,20,3,k,1,1,200,28,0.14,0.0987,0.1949,61067.3,1.951766480012472,1.244099728234449,3.1926934942265928,,,,-11.955070534610577,this-run
per_seed,20,3,k,2,1,200,44,0.22,0.1682,0.2824,37069.5,1.1847760208416247,0.7903705959819974,1.7954374955254335,,,,-11.955070534610577,this-run
per_seed,20,3,k,3,1,200,47,0.235,0.1816,0.2984,34382.4,1.098893796915207,0.7368693142578376,1.6553414616454807,,,,-11.955070534610577,this-run
per_seed,20,3,k,4,1,200,53,0.265,0.2087,0.3302,29914.9,0.9561078687395695,0.6465890610474898,1.4181536456151818,,,,-11.955070534610577,this-run
per_seed,20,3,k,5,1,200,50,0.25,0.1951,0.3143,32015.7,1.0232513207854403,0.6852547570594353,1.5145214530410371,,,,-11.955070534610577,this-run
per_seed,20,3,bits,6,1,200,15,0.075,0.046,0.12,118139.5,3.7758496696341117,2.2354518313662326,7.43833651277055,,,,-11.955070534610577,dedup(span@4)
per_seed,20,4,baseline,0,1,200,36,0.18,0.1329,0.2391,46411.2,1.0,nan,nan,,,,-13.606216893776928,this-run
per_seed,20,4,bits,2,1,200,13,0.065,0.0384,0.108,137040.8,2.9527545093310765,1.6281144421956029,6.248372753172459,,,,-13.606216893776928,this-run
per_seed,20,4,bits,3,1,200,11,0.055,0.031,0.0958,162812.1,3.508037929807656,1.895940003490239,8.07997145203928,,,,-13.606216893776928,this-run
per_seed,20,4,bits,4,1,200,14,0.07,0.0422,0.1141,126915.4,2.734587902798382,1.5377449602033804,5.619842122461079,,,,-13.606216893776928,this-run
per_seed,20,4,bits,5,1,200,12,0.06,0.0347,0.1019,148853.0,3.2072669719943483,1.7466720248118566,7.1214263100072674,,,,-13.606216893776928,this-run
per_seed,20,4,bits,8,1,200,14,0.07,0.0422,0.1141,126915.4,2.734587902798382,1.5377449602033804,5.619842122461079,,,,-13.606216893776928,this-run
per_seed,20,4,span,2.0,1,200,1,0.005,0.0009,0.0278,1837459.1,39.59087938013792,9.979257914617378,52.14216126970908,,,,-13.606216893776928,this-run
per_seed,20,4,span,3.0,1,200,14,0.07,0.0422,0.1141,126915.4,2.734587902798382,1.5377449602033804,5.619842122461079,,,,-13.606216893776928,this-run
per_seed,20,4,span,4.0,1,200,13,0.065,0.0384,0.108,137040.8,2.9527545093310765,1.6281144421956029,6.248372753172459,,,,-13.606216893776928,this-run
per_seed,20,4,span,6.0,1,200,27,0.135,0.0945,0.1893,63508.3,1.3683839494063603,0.8317921115569308,2.354814144248037,,,,-13.606216893776928,this-run
per_seed,20,4,span,8.0,1,200,32,0.16,0.1157,0.2171,52825.7,1.1382109746973288,0.7009626279106042,1.8529375340723384,,,,-13.606216893776928,this-run
per_seed,20,4,k,1,1,200,42,0.21,0.1593,0.2716,39072.8,0.8418843295817782,0.5351538019801271,1.3072187638307975,,,,-13.606216893776928,this-run
per_seed,20,4,k,2,1,200,48,0.24,0.1861,0.3037,33560.9,0.7231206080086691,0.46413118142264714,1.1159845627270126,,,,-13.606216893776928,this-run
per_seed,20,4,k,3,1,200,52,0.26,0.2041,0.3249,30588.5,0.6590753311045793,0.422858101746814,1.0232513207854403,,,,-13.606216893776928,this-run
per_seed,20,4,k,4,1,200,53,0.265,0.2087,0.3302,29914.9,0.6445623550230007,0.40661608137691685,1.0,,,,-13.606216893776928,this-run
per_seed,20,4,k,5,1,200,53,0.265,0.2087,0.3302,29914.9,0.6445623550230007,0.40661608137691685,1.0,,,,-13.606216893776928,this-run
per_seed,20,4,bits,6,1,200,13,0.065,0.0384,0.108,137040.8,2.9527545093310765,1.6281144421956029,6.248372753172459,,,,-13.606216893776928,dedup(span@4)
pooled,14,all,baseline,0.0,5,1000,311,0.311,0.2831,0.3404,24724.8,,,,1.0,1.0,1.0,,pooled over 5 seeds
pooled,14,all,bits,2.0,5,1000,100,0.1,0.0829,0.1202,87417.4,3.535612991666367,2.840600420146632,4.498745726311332,3.361,1.356,6.522,,pooled over 5 seeds
pooled,14,all,bits,3.0,5,1000,124,0.124,0.105,0.1459,69570.2,2.8137796859949042,2.2939522578912936,3.498059003550018,2.734,1.755,4.016,,pooled over 5 seeds
pooled,14,all,bits,4.0,5,1000,107,0.107,0.0893,0.1277,81385.9,3.2916699953617297,2.6555652652100195,4.1506352865243645,3.289,2.3,5.075,,pooled over 5 seeds
pooled,14,all,bits,5.0,5,1000,113,0.113,0.0948,0.1341,76810.3,3.1066056736204475,2.519539160005732,3.909056995286787,2.959,1.624,4.763,,pooled over 5 seeds
pooled,14,all,bits,6.0,5,1000,114,0.114,0.0958,0.1352,76094.4,3.0776532769688494,2.5084815281666453,3.8521678971560793,2.949,1.697,4.763,,pooled over 5 seeds
pooled,14,all,bits,8.0,5,1000,109,0.109,0.0912,0.1298,79804.8,3.227720817326399,2.6082622616911166,4.0719719813862865,3.085,2.059,4.763,,pooled over 5 seeds
pooled,14,all,k,1.0,5,1000,318,0.318,0.2899,0.3475,24065.1,0.9733187103078826,0.8349353805037572,1.1408591733720992,0.95,0.754,1.1,,pooled over 5 seeds
pooled,14,all,k,2.0,5,1000,333,0.333,0.3045,0.3628,22743.5,0.9198666392857854,0.7895476832074401,1.0760186373900054,0.902,0.845,0.982,,pooled over 5 seeds
pooled,14,all,k,3.0,5,1000,340,0.34,0.3113,0.3699,22166.1,0.8965106192366833,0.7699943429001331,1.0501678426618792,0.889,0.764,1.062,,pooled over 5 seeds
pooled,14,all,k,4.0,5,1000,341,0.341,0.3123,0.3709,22085.5,0.8932509644638672,0.7660003931824968,1.04379332585791,0.879,0.79,1.03,,pooled over 5 seeds
pooled,14,all,k,5.0,5,1000,337,0.337,0.3084,0.3669,22410.7,0.9064035870419466,0.776004918289048,1.0610387241237393,0.893,0.772,1.062,,pooled over 5 seeds
pooled,14,all,span,2.0,5,1000,20,0.02,0.013,0.0307,455896.3,18.438816249416263,12.408623508235339,32.06722273481347,18.974,8.323,43.274,,pooled over 5 seeds
pooled,14,all,span,3.0,5,1000,52,0.052,0.0399,0.0676,172475.8,6.975816285820566,5.287996598997149,9.613516068496377,6.985,4.577,9.21,,pooled over 5 seeds
pooled,14,all,span,4.0,5,1000,114,0.114,0.0958,0.1352,76094.4,3.0776532769688494,2.5084815281666453,3.8521678971560793,2.949,1.697,4.763,,pooled over 5 seeds
pooled,14,all,span,6.0,5,1000,236,0.236,0.2107,0.2633,34215.3,1.3838459143240154,1.1661447330279457,1.6438594183584339,1.375,0.851,1.818,,pooled over 5 seeds
pooled,14,all,span,8.0,5,1000,286,0.286,0.2589,0.3148,27340.7,1.1058017817585892,0.9413123269258624,1.3034859577183926,1.121,1.0,1.306,,pooled over 5 seeds
pooled,20,all,baseline,0.0,5,1000,431,0.431,0.4006,0.4619,16334.0,,,,1.0,1.0,1.0,,pooled over 5 seeds
pooled,20,all,bits,2.0,5,1000,140,0.14,0.1199,0.1629,61067.3,3.738655623480669,3.104558757555613,4.568873643696982,4.466,2.953,9.278,,pooled over 5 seeds
pooled,20,all,bits,3.0,5,1000,162,0.162,0.1405,0.1861,52113.2,3.1904710126151175,2.676633524609553,3.8388278442139767,3.579,2.756,6.07,,pooled over 5 seeds
pooled,20,all,bits,4.0,5,1000,139,0.139,0.1189,0.1618,61541.4,3.7676862660551067,3.129184431672398,4.600685936550584,4.077,2.735,8.637,,pooled over 5 seeds
pooled,20,all,bits,5.0,5,1000,145,0.145,0.1245,0.1682,58794.2,3.5994965248050614,2.9906119990301985,4.3848916746141695,4.162,3.108,9.278,,pooled over 5 seeds
pooled,20,all,bits,6.0,5,1000,149,0.149,0.1283,0.1724,57085.4,3.494879351414851,2.91242109391707,4.253254637251319,4.075,2.953,9.278,,pooled over 5 seeds
pooled,20,all,bits,8.0,5,1000,156,0.156,0.1348,0.1798,54305.4,3.324679172553451,2.7688172160400635,4.025311538400939,3.848,2.735,9.278,,pooled over 5 seeds
pooled,20,all,k,1.0,5,1000,405,0.405,0.375,0.4357,17739.7,1.0860583564354458,0.9471970071704454,1.2454957383746001,1.138,0.842,1.952,,pooled over 5 seeds
pooled,20,all,k,2.0,5,1000,441,0.441,0.4105,0.4719,15836.1,0.9695137827140178,0.8476783063365363,1.1079955876101713,0.956,0.723,1.185,,pooled over 5 seeds
pooled,20,all,k,3.0,5,1000,462,0.462,0.4313,0.493,14857.9,0.9096270842162953,0.7936358394649059,1.0377006374987539,0.886,0.659,1.099,,pooled over 5 seeds
pooled,20,all,k,4.0,5,1000,471,0.471,0.4402,0.502,14464.2,0.8855279564297801,0.7735365263194492,1.009115691244349,0.853,0.645,0.97,,pooled over 5 seeds
pooled,20,all,k,5.0,5,1000,470,0.47,0.4392,0.501,14507.3,0.8881621396370523,0.7761875437240651,1.012556356386657,0.86,0.645,1.023,,pooled over 5 seeds
pooled,20,all,span,2.0,5,1000,5,0.005,0.0021,0.0117,1837459.1,112.49279601164503,56.9832725823341,547.907273899965,102.388,39.591,302.068,,pooled over 5 seeds
pooled,20,all,span,3.0,5,1000,68,0.068,0.054,0.0853,130787.0,8.007030859944834,6.267085908650282,10.549404099292653,9.295,2.735,44.552,,pooled over 5 seeds
pooled,20,all,span,4.0,5,1000,149,0.149,0.1283,0.1724,57085.4,3.494879351414851,2.91242109391707,4.253254637251319,4.075,2.953,9.278,,pooled over 5 seeds
pooled,20,all,span,6.0,5,1000,317,0.317,0.2889,0.3465,24157.6,1.4789755666911597,1.2773368020205127,1.7154664472817245,1.591,1.223,1.879,,pooled over 5 seeds
pooled,20,all,span,8.0,5,1000,401,0.401,0.3711,0.4317,17971.6,1.1002571659073466,0.9598238483592404,1.26034154539286,1.138,1.03,1.357,,pooled over 5 seeds
